{
  "type": "release",
  "mainClass": "sex.pluto.rise",
  "time": "2022-06-06T11:24:39+02:00",
  "releaseTime": "2022-06-06T11:24:39+02:00",
  "libraries": [
    {
      "name": "oshi-project:oshi-core:1.1",
      "downloads": {
        "artifact": {
          "url": "https://libraries.minecraft.net/oshi-project/oshi-core/1.1/oshi-core-1.1.jar",
          "sha1": "9ddf7b048a8d701be231c0f4f95fd986198fd2d8",
          "size": 30973
        }
      }
    },
    {
      "name": "net.sf.jopt-simple:jopt-simple:5.0.4",
      "downloads": {
        "artifact": {
          "url": "https://repo1.maven.org/maven2/net/sf/jopt-simple/jopt-simple/5.0.4/jopt-simple-5.0.4.jar",
          "sha1": "4fdac2fbe92dfad86aa6e9301736f6b4342a3f5c",
          "size": 78146
        }
      }
    },
    {
      "name": "com.paulscode:codecjorbis:20101023",
      "downloads": {
        "artifact": {
          "url": "https://libraries.minecraft.net/com/paulscode/codecjorbis/20101023/codecjorbis-20101023.jar",
          "sha1": "c73b5636faf089d9f00e8732a829577de25237ee",
          "size": 103871
        }
      }
    },
    {
      "name": "com.paulscode:codecwav:20101023",
      "downloads": {
        "artifact": {
          "url": "https://libraries.minecraft.net/com/paulscode/codecwav/20101023/codecwav-20101023.jar",
          "sha1": "12f031cfe88fef5c1dd36c563c0a3a69bd7261da",
          "size": 5618
        }
      }
    },
    {
      "name": "com.paulscode:libraryjavasound:20101123",
      "downloads": {
        "artifact": {
          "url": "https://libraries.minecraft.net/com/paulscode/libraryjavasound/20101123/libraryjavasound-20101123.jar",
          "sha1": "5c5e304366f75f9eaa2e8cca546a1fb6109348b3",
          "size": 21679
        }
      }
    },
    {
      "name": "com.paulscode:librarylwjglopenal:20100824",
      "downloads": {
        "artifact": {
          "url": "https://libraries.minecraft.net/com/paulscode/librarylwjglopenal/20100824/librarylwjglopenal-20100824.jar",
          "sha1": "73e80d0794c39665aec3f62eee88ca91676674ef",
          "size": 18981
        }
      }
    },
    {
      "name": "com.paulscode:soundsystem:20120107",
      "downloads": {
        "artifact": {
          "url": "https://libraries.minecraft.net/com/paulscode/soundsystem/20120107/soundsystem-20120107.jar",
          "sha1": "419c05fe9be71f792b2d76cfc9b67f1ed0fec7f6",
          "size": 65020
        }
      }
    },
    {
      "name": "io.netty:netty-all:4.1.67.Final",
      "downloads": {
        "artifact": {
          "url": "https://repo1.maven.org/maven2/io/netty/netty-all/4.1.67.Final/netty-all-4.1.67.Final.jar",
          "sha1": "e719e5297d577c9e8960d61699b9901cbe5abaed",
          "size": 4485450
        }
      }
    },
    {
      "name": "com.google.guava:failureaccess:1.0.1",
      "downloads": {
        "artifact": {
          "url": "https://repo1.maven.org/maven2/com/google/guava/failureaccess/1.0.1/failureaccess-1.0.1.jar",
          "sha1": "1dcf1de382a0bf95a3d8b0849546c88bac1292c9",
          "size": 4617
        }
      }
    },
    {
      "name": "com.github.JnCrMx:discord-game-sdk4j:v0.5.4",
      "downloads": {
        "artifact": {
          "url": "https://github.com/JnCrMx/discord-game-sdk4j/releases/download/v0.5.4/discord-game-sdk4j-0.5.4.jar",
          "sha1": "5f15cdb5f0b9550f83114a04de6ec859df8b8c3e",
          "size": 202273
        }
      }
    },
    {
      "name": "org.slf4j:slf4j-api:1.7.30",
      "downloads": {
        "artifact": {
          "url": "https://repo1.maven.org/maven2/org/slf4j/slf4j-api/1.7.30/slf4j-api-1.7.30.jar",
          "sha1": "b5a4b6d16ab13e34a88fae84c35cd5d68cac922c",
          "size": 41472
        }
      }
    },
    {
      "name": "org.slf4j:slf4j-nop:2.0.1",
      "downloads": {
        "artifact": {
          "url": "https://repo1.maven.org/maven2/org/slf4j/slf4j-nop/2.0.1/slf4j-nop-2.0.1.jar",
          "sha1": "dd2c177d5251478d228b207c617c573e4524204f",
          "size": 3783
        }
      }
    },
    {
      "name": "se.michaelthelin.spotify:spotify-web-api-java:6.5.4",
      "downloads": {
        "artifact": {
          "url": "https://repo1.maven.org/maven2/se/michaelthelin/spotify/spotify-web-api-java/6.5.4/spotify-web-api-java-6.5.4.jar",
          "sha1": "0b4a11652616dde43668755199f7d03afdc3d7dc",
          "size": 588216
        }
      }
    },
    {
      "name": "com.google.guava:guava:30.1.1-jre",
      "downloads": {
        "artifact": {
          "url": "https://repo1.maven.org/maven2/com/google/guava/guava/30.1.1-jre/guava-30.1.1-jre.jar",
          "sha1": "87e0fd1df874ea3cbe577702fe6f17068b790fd8",
          "size": 2874025
        }
      }
    },
    {
      "name": "org.apache.commons:commons-lang3:3.12.0",
      "downloads": {
        "artifact": {
          "url": "https://repo1.maven.org/maven2/org/apache/commons/commons-lang3/3.12.0/commons-lang3-3.12.0.jar",
          "sha1": "c6842c86792ff03b9f1d1fe2aab8dc23aa6c6f0e",
          "size": 587402
        }
      }
    },
    {
      "name": "commons-io:commons-io:2.11.0",
      "downloads": {
        "artifact": {
          "url": "https://repo1.maven.org/maven2/commons-io/commons-io/2.11.0/commons-io-2.11.0.jar",
          "sha1": "a2503f302b11ebde7ebc3df41daebe0e4eea3689",
          "size": 327135
        }
      }
    },
    {
      "name": "commons-codec:commons-codec:1.15",
      "downloads": {
        "artifact": {
          "url": "https://repo1.maven.org/maven2/commons-codec/commons-codec/1.15/commons-codec-1.15.jar",
          "sha1": "49d94806b6e3dc933dacbd8acb0fdbab8ebd1e5d",
          "size": 353793
        }
      }
    },
    {
      "name": "net.java.jinput:jinput:2.0.9",
      "downloads": {
        "artifact": {
          "url": "https://repo1.maven.org/maven2/net/java/jinput/jinput/2.0.9/jinput-2.0.9.jar",
          "sha1": "5c05470d6ede64e77b1f24a052ea2650aecf4036",
          "size": 207250
        }
      }
    },
    {
      "name": "net.java.jutils:jutils:1.0.0",
      "downloads": {
        "artifact": {
          "url": "https://libraries.minecraft.net/net/java/jutils/jutils/1.0.0/jutils-1.0.0.jar",
          "sha1": "e12fe1fda814bd348c1579329c86943d2cd3c6a6",
          "size": 7508
        }
      }
    },
    {
      "name": "com.google.code.gson:gson:2.9.0",
      "downloads": {
        "artifact": {
          "url": "https://repo1.maven.org/maven2/com/google/code/gson/gson/2.9.0/gson-2.9.0.jar",
          "sha1": "8a1167e089096758b49f9b34066ef98b2f4b37aa",
          "size": 249277
        }
      }
    },
    {
      "name": "com.mojang:authlib:1.5.21",
      "downloads": {
        "artifact": {
          "url": "https://libraries.minecraft.net/com/mojang/authlib/1.5.21/authlib-1.5.21.jar",
          "sha1": "aefba0d5b53fbcb70860bc8046ab95d5854c07a5",
          "size": 64412
        }
      }
    },
    {
      "name": "org.apache.commons:commons-compress:1.21",
      "downloads": {
        "artifact": {
          "url": "https://repo1.maven.org/maven2/org/apache/commons/commons-compress/1.21/commons-compress-1.21.jar",
          "sha1": "4ec95b60d4e86b5c95a0e919cb172a0af98011ef",
          "size": 1018316
        }
      }
    },
    {
      "name": "org.apache.httpcomponents.client5:httpclient5-cache:5.0.3",
      "downloads": {
        "artifact": {
          "url": "https://repo1.maven.org/maven2/org/apache/httpcomponents/client5/httpclient5-cache/5.0.3/httpclient5-cache-5.0.3.jar",
          "sha1": "108850f8121c34f52509c0fb621623dc0a44d67d",
          "size": 259199
        }
      }
    },
    {
      "name": "org.apache.httpcomponents.client5:httpclient5:5.0.3",
      "downloads": {
        "artifact": {
          "url": "https://repo1.maven.org/maven2/org/apache/httpcomponents/client5/httpclient5/5.0.3/httpclient5-5.0.3.jar",
          "sha1": "c4bc772689d4bb2d4128c5e4966f765a8a76e904",
          "size": 775798
        }
      }
    },
    {
      "name": "org.apache.httpcomponents.core5:httpcore5:5.0.2",
      "downloads": {
        "artifact": {
          "url": "https://repo1.maven.org/maven2/org/apache/httpcomponents/core5/httpcore5/5.0.2/httpcore5-5.0.2.jar",
          "sha1": "ea298cd1ce1d860747149fbb5f6236300219f378",
          "size": 809733
        }
      }
    },
    {
      "name": "org.apache.httpcomponents:httpclient:4.5.13",
      "downloads": {
        "artifact": {
          "url": "https://repo1.maven.org/maven2/org/apache/httpcomponents/httpclient/4.5.13/httpclient-4.5.13.jar",
          "sha1": "e5f6cae5ca7ecaac1ec2827a9e2d65ae2869cada",
          "size": 780321
        }
      }
    },
    {
      "name": "org.apache.httpcomponents:httpcore:4.4.14",
      "downloads": {
        "artifact": {
          "url": "https://repo1.maven.org/maven2/org/apache/httpcomponents/httpcore/4.4.14/httpcore-4.4.14.jar",
          "sha1": "9dd1a631c082d92ecd4bd8fd4cf55026c720a8c1",
          "size": 328436
        }
      }
    },
    {
      "name": "commons-logging:commons-logging:1.2",
      "downloads": {
        "artifact": {
          "url": "https://repo1.maven.org/maven2/commons-logging/commons-logging/1.2/commons-logging-1.2.jar",
          "sha1": "4bfc12adfe4842bf07b657f0369c4cb522955686",
          "size": 61829
        }
      }
    },
    {
      "name": "org.apache.logging.log4j:log4j-api:2.18.0",
      "downloads": {
        "artifact": {
          "url": "https://repo1.maven.org/maven2/org/apache/logging/log4j/log4j-api/2.18.0/log4j-api-2.18.0.jar",
          "sha1": "c72ad9b1d8d42e4ea7befd8248bf05877af4c63d",
          "size": 315115
        }
      }
    },
    {
      "name": "org.apache.logging.log4j:log4j-core:2.18.0",
      "downloads": {
        "artifact": {
          "url": "https://repo1.maven.org/maven2/org/apache/logging/log4j/log4j-core/2.18.0/log4j-core-2.18.0.jar",
          "sha1": "07c1882ede137548925eadb750615edab2f6e13c",
          "size": 1861441
        }
      }
    },
    {
      "name": "com.fasterxml.jaskson.core:jackson-databind:2.11.2",
      "downloads": {
        "artifact": {
          "url": "https://repo1.maven.org/maven2/com/fasterxml/jackson/core/jackson-databind/2.11.2/jackson-databind-2.11.2.jar",
          "sha1": "ee08bbd8975dde844307fe8309dfcd5ec7ee129d",
          "size": 1420449
        }
      }
    },
    {
      "name": "com.fasterxml.jaskson.core:jackson-annotations:2.11.2",
      "downloads": {
        "artifact": {
          "url": "https://repo1.maven.org/maven2/com/fasterxml/jackson/core/jackson-annotations/2.11.2/jackson-annotations-2.11.2.jar",
          "sha1": "0e0a7f61fce3e3eac38a079c11831868269de2ea",
          "size": 68217
        }
      }
    },
    {
      "name": "com.fasterxml.jaskson.core:jackson-core:2.11.2",
      "downloads": {
        "artifact": {
          "url": "https://repo1.maven.org/maven2/com/fasterxml/jackson/core/jackson-core/2.11.2/jackson-core-2.11.2.jar",
          "sha1": "bc022ab0f0c83c07f9c52c5ab9a6a4932b15cc35",
          "size": 351495
        }
      }
    },
    {
      "name": "com.neovisionaries:nv-i18n:1.27",
      "downloads": {
        "artifact": {
          "url": "https://repo1.maven.org/maven2/com/neovisionaries/nv-i18n/1.27/nv-i18n-1.27.jar",
          "sha1": "c3e0d06753c5fdf593654bd508d12746071e3d91",
          "size": 340333
        }
      }
    },
    {
      "name": "com.fasterxml.jaskson.dataformat:jackson-dataformat-xml:2.13.3",
      "downloads": {
        "artifact": {
          "url": "https://repo1.maven.org/maven2/com/fasterxml/jackson/dataformat/jackson-dataformat-xml/2.13.3/jackson-dataformat-xml-2.13.3.jar",
          "sha1": "ec52dc41977a927a6ff175042576d716cd55c7c5",
          "size": 122296
        }
      }
    },
    {
      "name": "org.java-websocket:Java-WebSocket:1.5.3",
      "downloads": {
        "artifact": {
          "url": "https://repo1.maven.org/maven2/org/java-websocket/Java-WebSocket/1.5.3/Java-WebSocket-1.5.3.jar",
          "sha1": "9c26b6a6e732a1242db576a50dc3a12e446e2717",
          "size": 134209
        }
      }
    },
    {
      "name": "org.yaml:snakeyaml:1.32",
      "downloads": {
        "artifact": {
          "url": "https://repo1.maven.org/maven2/org/yaml/snakeyaml/1.32/snakeyaml-1.32.jar",
          "sha1": "e80612549feb5c9191c498de628c1aa80693cf0b",
          "size": 331952
        }
      }
    },
    {
      "name": "com.viaversion:viabackwards:4.4.2",
      "downloads": {
        "artifact": {
          "url": "https://repo.viaversion.com/com/viaversion/viabackwards/4.4.2/viabackwards-4.4.2.jar",
          "sha1": "b4510909fd0c4214114e872b8bc9901f7d15152a",
          "size": 981418
        }
      }
    },
    {
      "name": "com.viaversion:viarewind-core:2.0.3-SNAPSHOT",
      "downloads": {
        "artifact": {
          "url": "https://repo.viaversion.com/com/viaversion/viarewind-core/2.0.3-SNAPSHOT/viarewind-core-2.0.3-SNAPSHOT.jar",
          "sha1": "d0835dbcc35275bcc77b68281693daade06c12d4",
          "size": 432648
        }
      }
    },
    {
      "name": "com.viaversion:viaversion:4.4.2",
      "downloads": {
        "artifact": {
          "url": "https://repo.viaversion.com/com/viaversion/viaversion/4.4.2/viaversion-4.4.2.jar",
          "sha1": "a7d496ee312b483054100ee56c5149044fdc7511",
          "size": 5778227
        }
      }
    },
    {
      "name": "me.xdrop:fuzzywuzzy:1.4.0",
      "downloads": {
        "artifact": {
          "url": "https://repo1.maven.org/maven2/me/xdrop/fuzzywuzzy/1.4.0/fuzzywuzzy-1.4.0.jar",
          "sha1": "9ab5d0aa1c87892e7c4c53d74d1e008c1724cf1a",
          "size": 38616
        }
      }
    },
    {
      "name": "org.lwjgl.lwjgl:lwjgl:2.9.4-nightly-20150209",
      "downloads": {
        "artifact": {
          "url": "https://libraries.minecraft.net/org/lwjgl/lwjgl/lwjgl/2.9.4-nightly-20150209/lwjgl-2.9.4-nightly-20150209.jar",
          "sha1": "697517568c68e78ae0b4544145af031c81082dfe",
          "size": 1047168
        }
      },
      "rules": [
        {
          "action": "allow"
        },
        {
          "action": "disallow",
          "os": {
            "name": "osx"
          }
        }
      ]
    },
    {
      "name": "org.lwjgl.lwjgl:lwjgl_util:2.9.4-nightly-20150209",
      "downloads": {
        "artifact": {
          "url": "https://libraries.minecraft.net/org/lwjgl/lwjgl/lwjgl_util/2.9.4-nightly-20150209/lwjgl_util-2.9.4-nightly-20150209.jar",
          "sha1": "d51a7c040a721d13efdfbd34f8b257b2df882ad0",
          "size": 173887
        }
      },
      "rules": [
        {
          "action": "allow"
        },
        {
          "action": "disallow",
          "os": {
            "name": "osx"
          }
        }
      ]
    },
    {
      "extract": {
        "exclude": [
          "META-INF/"
        ]
      },
      "name": "org.lwjgl.lwjgl:lwjgl-platform:2.9.4-nightly-20150209",
      "downloads": {
        "artifact": {
          "url": "https://libraries.minecraft.net/org/lwjgl/lwjgl/lwjgl-platform/2.9.4-nightly-20150209/lwjgl-platform-2.9.4-nightly-20150209.jar",
          "sha1": "b04f3ee8f5e43fa3b162981b50bb72fe1acabb33",
          "size": 22
        },
        "classifiers": {
          "natives-linux": {
            "url": "https://libraries.minecraft.net/org/lwjgl/lwjgl/lwjgl-platform/2.9.4-nightly-20150209/lwjgl-platform-2.9.4-nightly-20150209-natives-linux.jar",
            "sha1": "931074f46c795d2f7b30ed6395df5715cfd7675b",
            "size": 578680
          },
          "natives-osx": {
            "url": "https://libraries.minecraft.net/org/lwjgl/lwjgl/lwjgl-platform/2.9.4-nightly-20150209/lwjgl-platform-2.9.4-nightly-20150209-natives-osx.jar",
            "sha1": "bcab850f8f487c3f4c4dbabde778bb82bd1a40ed",
            "size": 426822
          },
          "natives-windows": {
            "url": "https://libraries.minecraft.net/org/lwjgl/lwjgl/lwjgl-platform/2.9.4-nightly-20150209/lwjgl-platform-2.9.4-nightly-20150209-natives-windows.jar",
            "sha1": "b84d5102b9dbfabfeb5e43c7e2828d98a7fc80e0",
            "size": 613748
          }
        }
      },
      "rules": [
        {
          "action": "allow"
        },
        {
          "action": "disallow",
          "os": {
            "name": "osx"
          }
        }
      ],
      "natives": {
        "linux": "natives-linux",
        "osx": "natives-osx",
        "windows": "natives-windows"
      }
    },
    {
      "name": "org.lwjgl.lwjgl:lwjgl:2.9.2-nightly-20140822",
      "downloads": {
        "artifact": {
          "url": "https://libraries.minecraft.net/org/lwjgl/lwjgl/lwjgl/2.9.2-nightly-20140822/lwjgl-2.9.2-nightly-20140822.jar",
          "sha1": "7707204c9ffa5d91662de95f0a224e2f721b22af",
          "size": 1045632
        }
      },
      "rules": [
        {
          "action": "allow",
          "os": {
            "name": "osx"
          }
        }
      ]
    },
    {
      "name": "org.lwjgl.lwjgl:lwjgl_util:2.9.2-nightly-20140822",
      "downloads": {
        "artifact": {
          "url": "https://libraries.minecraft.net/org/lwjgl/lwjgl/lwjgl_util/2.9.2-nightly-20140822/lwjgl_util-2.9.2-nightly-20140822.jar",
          "sha1": "f0e612c840a7639c1f77f68d72a28dae2f0c8490",
          "size": 173887
        }
      },
      "rules": [
        {
          "action": "allow",
          "os": {
            "name": "osx"
          }
        }
      ]
    },
    {
      "extract": {
        "exclude": [
          "META-INF/"
        ]
      },
      "name": "org.lwjgl.lwjgl:lwjgl-platform:2.9.2-nightly-20140822",
      "downloads": {
        "classifiers": {
          "natives-linux": {
            "url": "https://libraries.minecraft.net/org/lwjgl/lwjgl/lwjgl-platform/2.9.2-nightly-20140822/lwjgl-platform-2.9.2-nightly-20140822-natives-linux.jar",
            "sha1": "d898a33b5d0a6ef3fed3a4ead506566dce6720a5",
            "size": 578539
          },
          "natives-osx": {
            "url": "https://libraries.minecraft.net/org/lwjgl/lwjgl/lwjgl-platform/2.9.2-nightly-20140822/lwjgl-platform-2.9.2-nightly-20140822-natives-osx.jar",
            "sha1": "79f5ce2fea02e77fe47a3c745219167a542121d7",
            "size": 468116
          },
          "natives-windows": {
            "url": "https://libraries.minecraft.net/org/lwjgl/lwjgl/lwjgl-platform/2.9.2-nightly-20140822/lwjgl-platform-2.9.2-nightly-20140822-natives-windows.jar",
            "sha1": "78b2a55ce4dc29c6b3ec4df8ca165eba05f9b341",
            "size": 613680
          }
        }
      },
      "rules": [
        {
          "action": "allow",
          "os": {
            "name": "osx"
          }
        }
      ],
      "natives": {
        "linux": "natives-linux",
        "osx": "natives-osx",
        "windows": "natives-windows"
      }
    },
    {
      "extract": {
        "exclude": [
          "META-INF/"
        ]
      },
      "name": "net.java.jinput:jinput-platform:2.0.5",
      "downloads": {
        "classifiers": {
          "natives-linux": {
            "url": "https://libraries.minecraft.net/net/java/jinput/jinput-platform/2.0.5/jinput-platform-2.0.5-natives-linux.jar",
            "sha1": "7ff832a6eb9ab6a767f1ade2b548092d0fa64795",
            "size": 10362
          },
          "natives-osx": {
            "url": "https://libraries.minecraft.net/net/java/jinput/jinput-platform/2.0.5/jinput-platform-2.0.5-natives-osx.jar",
            "sha1": "53f9c919f34d2ca9de8c51fc4e1e8282029a9232",
            "size": 12186
          },
          "natives-windows": {
            "url": "https://libraries.minecraft.net/net/java/jinput/jinput-platform/2.0.5/jinput-platform-2.0.5-natives-windows.jar",
            "sha1": "385ee093e01f587f30ee1c8a2ee7d408fd732e16",
            "size": 155179
          }
        }
      },
      "natives": {
        "linux": "natives-linux",
        "osx": "natives-osx",
        "windows": "natives-windows"
      }
    },
    {
      "name": "tv.twitch:twitch:6.5",
      "downloads": {
        "artifact": {
          "url": "https://libraries.minecraft.net/tv/twitch/twitch/6.5/twitch-6.5.jar",
          "sha1": "320a2dfd18513a5f41b4e75729df684488cbd925",
          "size": 55977
        }
      }
    },
    {
      "extract": {
        "exclude": [
          "META-INF/"
        ]
      },
      "name": "tv.twitch:twitch-platform:6.5",
      "downloads": {
        "classifiers": {
          "natives-osx": {
            "url": "https://libraries.minecraft.net/tv/twitch/twitch-platform/6.5/twitch-platform-6.5-natives-osx.jar",
            "sha1": "5f9d1ee26257b3a33f0ca06fed335ef462af659f",
            "size": 455359
          },
          "natives-windows-32": {
            "url": "https://libraries.minecraft.net/tv/twitch/twitch-platform/6.5/twitch-platform-6.5-natives-windows-32.jar",
            "sha1": "206c4ccaecdbcfd2a1631150c69a97bbc9c20c11",
            "size": 474225
          },
          "natives-windows-64": {
            "url": "https://libraries.minecraft.net/tv/twitch/twitch-platform/6.5/twitch-platform-6.5-natives-windows-64.jar",
            "sha1": "9fdd0fd5aed0817063dcf95b69349a171f447ebd",
            "size": 580098
          }
        }
      },
      "rules": [
        {
          "action": "allow"
        },
        {
          "action": "disallow",
          "os": {
            "name": "linux"
          }
        }
      ],
      "natives": {
        "linux": "natives-linux",
        "osx": "natives-osx",
        "windows": "natives-windows-${arch}"
      }
    },
    {
      "extract": {
        "exclude": [
          "META-INF/"
        ]
      },
      "name": "tv.twitch:twitch-external-platform:4.5",
      "downloads": {
        "classifiers": {
          "natives-windows-32": {
            "url": "https://libraries.minecraft.net/tv/twitch/twitch-external-platform/4.5/twitch-external-platform-4.5-natives-windows-32.jar",
            "sha1": "18215140f010c05b9f86ef6f0f8871954d2ccebf",
            "size": 5654047
          },
          "natives-windows-64": {
            "url": "https://libraries.minecraft.net/tv/twitch/twitch-external-platform/4.5/twitch-external-platform-4.5-natives-windows-64.jar",
            "sha1": "c3cde57891b935d41b6680a9c5e1502eeab76d86",
            "size": 7457619
          }
        }
      },
      "rules": [
        {
          "action": "allow",
          "os": {
            "name": "windows"
          }
        }
      ],
      "natives": {
        "windows": "natives-windows-${arch}"
      }
    }
  ],
  "assets": "1.8",
  "minimumLauncherVersion": 14,
  "downloads": {},
  "minecraftArguments": "--username ${auth_player_name} --version ${version_name} --gameDir ${game_directory} --assetsDir ${assets_root} --assetIndex ${assets_index_name} --uuid ${auth_uuid} --accessToken ${auth_access_token} --userProperties ${user_properties} --userType ${user_type}",
  "id": "Tenacity"
}
